,precision,recall,f1-score,support
0,0.9978118161925602,0.9934640522875817,0.9956331877729258,459.0
1,0.9897260273972602,0.996551724137931,0.993127147766323,290.0
accuracy,0.9946595460614153,0.9946595460614153,0.9946595460614153,0.9946595460614153
macro avg,0.9937689217949102,0.9950078882127564,0.9943801677696245,749.0
weighted avg,0.9946811369527244,0.9946595460614153,0.9946628919092212,749.0
